shape_id,trip_headsign,direction_id
298080,Millennium Line To VCC-Clark,1
292878,406 Railway Ave to Brighouse Station,0
296991,7 Nanaimo Station,0
297255,99 Commercial-Broadway Station,0
298111,Expo Line To Waterfront,1
297456,191 Princeton,0
297443,183 Moody Centre Station,1
293136,Millennium Line To Lafarge Lake-Douglas,0
292163,16 29th Ave Station,0
292939,501 Surrey Central Station,0
292941,1844 501 Surrey Central Station via 202A St,0
292940,501 Surrey Central Station,0
297449,186 Coquitlam Central Station,1
292308,50 Waterfront Station,0
292774,335 Newton Exchange,0
292773,335 Guildford,0
297124,17 Oak,1
292722,320 Fleetwood,0
297233,49 UBC,1
293140,Millennium Line To VCC-Clark,1
293135,Millennium Line To Lougheed Town Centre,0
293169,Expo Line To Waterfront,1
293177,Expo Line To New Westminster,1
293168,Expo Line To Waterfront,1
297072,14 UBC,1
292053,6 Davie,1
297933,601 Bridgeport Station,0
297932,601 Bridgeport Station,0
292718,319 Scott Rd Station,0
298165,R4 41ST Avenue/To Joyce Station,0
297355,143 Burquitlam Station,0
297827,407 Gilbert,1
297826,407 Gilbert,1
297822,407 Gilbert,1
297823,407 Gilbert,1
297816,406 Railway Ave to Steveston,1
292217,20 Downtown,0
292215,20 Downtown,0
297764,372 Langley Centre,0
297765,372 Clayton Heights,1
297752,362 White Rock Centre,0
297715,335 Surrey Central Station,1
292591,232 Phibbs Exchange,0
292590,232 Phibbs Exchange,0
296963,4 Downtown,0
296965,4 Powell,0
298110,Expo Line To Waterfront,1
297739,351 Bridgeport Station,0
292193,17 Oak,1
292194,17 Oak,1
297372,151 Como Lake Ave to Coquitlam Central Station,0
298178,R6 Scott Road/To Scott Rd Station,0
293182,SeaBus Northbound To Lonsdale Quay,0
297499,215 Phibbs Exchange,1
297887,503 Fraser Hwy Exp/Aldergrove,0
297500,215 Phibbs Exchange,1
297735,345 152 Street/To White Rock Centre,1
292182,16 Arbutus,1
297734,345 152 Street/To White Rock Centre,1
292187,16 Arbutus,1
292183,16 Arbutus,1
292433,148 Royal Oak Station,1
292786,340 22nd St Station,1
293158,Expo Line To Braid,0
293150,Expo Line To King George,0
298186,338 Guildford,1
292458,159 Coquitlam Central Station,0
292461,159 Braid Station,1
297815,406 Railway Ave to Brighouse Station,0
292043,4 UBC,1
297538,240 Lynn Valley,0
292552,214 Blueridge,0
292677,262 Caulfeild,1
292049,5 Robson,1
297305,119 Kingsway To Edmonds Station,0
297871,430 Metrotown Station,0
298172,R5 Hastings St/To SFU Exchange,0
297455,189 Coquitlam Central Station,1
297212,33 16th & 33RD Avenue/To UBC Exchange,1
292563,222 Willingdon Express/To Metrotown Station,1
292379,123 Brentwood Station,1
293230,R3 Lougheed Hwy To Coquitlam Central Station,1
292663,255 Capilano University - via 15th St & Lonsdale,0
297634,301 Brighouse Station Express,1
298068,Canada Line To YVR-Airport,1
298069,Canada Line To Richmond-Brighouse,1
297660,319 Scott Rd Station,0
297902,531 Willowbrook,0
297741,351 White Rock Centre,1
297991,701 Coquitlam Central Station,1
292450,153 Braid Station,1
297205,28 Joyce Station,1
297336,132 Capitol Hill,0
297176,23 Main St Station,0
292335,100 Marpole via Trapp,1
292336,100 Marpole,1
292334,100 Marpole,1
292333,100 Marpole via Trapp,1
297912,562 Walnut Grove via TWU,0
292824,371 Scott Rd Station,1
292823,371 Surrey Central Station,0
292974,562 Walnut Grove,0
292487,175 Coquitlam Central Station,1
292484,175 Meridian,0
292486,175 Meridian,0
297985,701 Maple Ridge East,0
292760,325 140 St to Surrey Central Station,0
297986,701 Haney Place,0
292609,245 Capilano U,0
298161,R2 Marine Drive/To Park Royal,1
292517,191 Princeton,0
297531,232 Grouse Mountain,1
292264,28 Phibbs Exchange,0
293070,741 Haney Place,1
293067,741 Anderson Creek,0
297049,10 Granville/To Marine Dr Station,1
297050,10 Granville/To Marine Dr Station,1
293042,640 Ladner Exchange via Industrial,1
297054,10 Granville/To Marpole,1
297276,102 New Westminster Station,1
292857,403 Three Road,1
292854,403 Bridgeport Station,0
297420,174 Rocklin,0
292797,350 White Rock Centre,0
297724,340 22nd St Station,1
293151,Expo Line To Production Way-University,0
297687,322 Newton Exchange,0
297931,601 Bridgeport Station,0
297617,257 Vancouver Express,0
292148,15 Olympic Village Station,0
297278,103 Quayside,1
293220,R1 King George Blvd/To Newton Exchange,1
293219,R1 King George Blvd/To Newton Exchange,1
292059,7 Nanaimo Station,0
297921,563 Fernridge,1
292968,555 Port Mann Exp/To Carvolth Exchange,0
293008,603 Beach Grove,1
293005,603 South Delta Exchange,0
293006,603 South Delta Exchange,0
297138,19 Kingsway/To Stanley Park,1
297645,312 112 Street/To Scottsdale,1
292244,23 English Bay,1
297839,410 22nd St Station,0
297192,27 Kootenay Loop,0
293234,R5 Hastings St/To SFU Exchange,0
298092,Expo Line To Production Way-University,0
298093,Expo Line To King George,0
298085,Expo Line To Braid,0
297092,16 29th Ave Station,0
297112,16 Arbutus,1
292468,169 Coquitlam Central Station,0
292467,160 Kootenay Loop,1
298163,R3 Lougheed Hwy To Haney Place,0
297363,145 Production Station,1
297505,227 Lynn Valley,0
297614,256 21st To Whitby Estates,0
297725,341 Guildford,0
293034,640 Scott Rd Station,0
297843,410 Brighouse Station,1
292976,562 Walnut Grove via TWU,0
297170,22 Downtown,1
292816,363 Peace Arch Hospital,1
297989,701 Coquitlam Central Station,1
293226,R2 Marine Drive/To Park Royal,1
297219,41 41st Ave/To Crown,1
297779,394 King George Station,0
297552,245 Phibbs Exchange,1
297723,340 Scottsdale,0
297780,394 White Rock Centre,1
292025,2 Macdonald/To Dunbar Loop,1
292024,2 Macdonald/To 16th Avenue,1
292945,502 Langley Centre,0
292349,104 Annacis Island,1
297840,410 22nd St Station via Fraserwood,0
297364,146 Metrotown Station,0
297465,210 Upper Lynn Valley,0
297464,210 Upper Lynn Valley,0
298162,R2 Marine Drive/To Park Royal,1
298159,R2 Marine Drive/To Phibbs Exchange,0
297703,326 Surrey Central Station,1
297250,68 Wesbrook Village,1
292799,350 Crescent Beach,1
297719,337 Fraser Heights,0
297179,25 King Edward/To Brentwood Station,0
297184,25 King Edward/To UBC Exchange,1
297186,25 King Edward/To UBC Exchange,1
292026,3 Main/To Waterfront Station,0
292681,280 Bluewater,1
298157,R1 King George Blvd/To Newton Exchange,1
292680,280 Snug Cove,0
292427,145 Production Station,1
297011,8 Fraser/to 41st Ave,1
297012,8 Fraser/To Waterfront Station,1
296981,5 Robson,1
297241,50 Waterfront Station,0
297787,402 Two Road,1
292277,33 16th & 33RD Avenue/To 29th Avenue Station,0
292781,337 Fraser Heights,0
292278,33 16th & 33RD Avenue/To UBC Exchange,1
297581,250 Dundarave To 25th & Marine,1
297654,314 Sunbury,1
292756,324 132 Street/To Surrey Central,0
292749,322 Newton Exchange,0
297578,250 Horseshoe Bay,1
297710,335 Newton Exchange,0
292273,29 29th Ave Station,0
298131,N19 Surrey Central Station NightBus,0
297321,129 Holdom Station,0
297453,188 Coquitlam Central Station,1
297452,188 Port Coquitlam Station,0
292513,188 Port Coquitlam Station,0
292514,188 Coquitlam Central Station,1
297226,49 Metrotown Station,0
297484,211 Burrard Station,1
297483,211 Phibbs Exchange,1
297477,211 Seymour,0
297476,211 Seymour,0
296966,4 Downtown,0
296962,4 Powell,0
297313,123 Brentwood Station,1
293132,Canada Line To Richmond-Brighouse,1
293133,Canada Line To YVR-Airport,1
292426,145 SFU,0
297685,321 King George Blvd/To White Rock Centre,1
293231,R4 41ST Avenue/To Joyce Station,0
297682,321 King George Blvd/To White Rock Centre,1
297683,321 King George Blvd/To White Rock South,1
297784,401 One Road,1
292388,129 Patterson Station,1
292580,230 Upper Lonsdale,0
292583,230 Lonsdale Quay,1
292579,230 Upper Lonsdale,0
292944,501 Langley Centre,1
297277,103 New West Station,0
297060,14 Hastings,0
297516,229 Lonsdale Ave to Lynn Valley,0
292792,342 Newton Exchange,1
292791,342 Langley Centre,0
297663,319 Newton Exchange,1
297429,180 Moody Centre Station,0
297260,99 UBC B-Line,1
297261,99 UBC B-Line,1
292371,119 Kingsway To Metrotown Station,1
297190,26 Joyce Station,0
297549,241 Downtown,1
292880,406 Railway Ave to Steveston,1
297266,100 Marpole,1
297799,404 Four Road,0
292470,170 Port Coquitlam Station,0
298063,Canada Line To Waterfront,0
298064,Canada Line To Waterfront,0
297797,404 Four Road,0
292506,184 Moody Centre Station,1
298153,R1 King George Blvd/To Guildford,0
297404,169 Coquitlam Central Station,0
297403,160 Kootenay Loop,1
297283,104 Annacis Island,1
292190,17 Downtown,0
297335,131 Kootenay Loop,1
297563,249 Delbrook,0
297070,14 UBC,1
297071,14 UBC,1
297264,100 22nd St Station,0
297265,100 22nd St Station via Trapp,0
292946,502 Surrey Central Station,1
292907,410 Brighouse Station,1
292297,49 Metrotown Station,0
292292,49 Metrotown Station,0
293064,733 Haney Place,1
292817,364 64TH Avenue/To Langley Centre,0
292105,9 To Granville,1
292083,9 Boundary,0
293000,601 South Delta,1
292998,601 South Delta,1
293002,601 Ladner Exchange,1
293025,618 Ladner North,0
293024,618 Ladner North,0
297234,49 To Granville,1
292121,10 Granville/To Marine Dr Station,1
292120,10 Granville/To Marine Dr Station,1
297885,502 Surrey Central Station,1
297275,102 Victoria Hill,0
292351,105 Uptown,0
293238,R5 Hastings St/To Kootenay Loop,0
293237,R5 Hastings St/To SFU Exchange,0
293235,R5 Hastings St/To Kootenay Loop,0
298002,733 Haney Place,1
298003,733 Port Haney Station,1
292235,22 Knight,0
292227,22 Knight,0
292337,101 Lougheed Station,0
292803,351 White Rock Centre,1
297966,619 South Delta Exchange,0
297967,619 Boundary Bay,1
292686,281 Snug Cove,1
293031,620 Tsawwassen Ferry Express,1
292720,319 Newton Exchange,1
292075,8 Fraser/To SE Marine Dr,0
292076,8 Fraser/To SE Marine Dr,0
292072,8 Fraser/To SE Marine Dr,0
292548,212 Deep Cove,0
292547,212 Deep Cove,0
297445,184 Moody Centre Station,1
298164,R3 Lougheed Hwy To Coquitlam Central Station,1
292969,555 Port Mann Exp/To Lougheed Station,1
293242,R5 Hastings St/To Burrard Station,1
296993,7 Dunbar,1
297760,370 Cloverdale,1
292401,132 Hastings @ Gilmore,1
294479,240 Downtown,1
297893,503 Fraser Hwy Exp/Surrey Central Station,1
297891,503 Fraser Hwy Exp/Surrey Central Station,1
292602,240 Lynn Valley,0
294480,240 Downtown,1
292094,9 To Granville,1
293247,R6 Scott Road/To Scott Rd Station,0
292104,9 UBC,1
293232,R4 41ST Avenue/To UBC Exchange,1
297696,324 132 Street/To Newton Exchange,1
292605,240 Downtown,1
297973,640 Scott Rd Station via Industrial,0
292711,314 Scott & 96 Ave,1
292707,314 Surrey Central Station,0
292710,314 Sunbury,1
298179,R6 Scott Road/To Newton Exchange,1
297435,181 Moody Centre Station,1
297433,181 Ioco,0
292255,25 King Edward/To UBC Exchange,1
297178,23 English Bay,1
297658,316 116 Street/To Scottsdale,1
298160,R2 Marine Drive/To Phibbs Exchange,0
297877,501 Surrey Central Station,0
297876,501 Surrey Central Station,0
292260,27 Kootenay Loop,0
292666,255 Dundarave - To 25th & Marine,1
292755,323 128 St to Newton Exchange,1
297486,212 Deep Cove,0
297487,212 Deep Cove,0
297789,403 Bridgeport Station,0
297753,362 Seaside,1
292280,41 41st Ave/To Joyce Station,0
297806,405 Cambie,0
297804,405 Cambie,0
297808,405 Cambie,0
292621,249 Lonsdale Quay,1
292493,180 Lougheed Station,1
292383,128 8th Avenue To Braid Station,0
298121,SeaBus Southbound To Waterfront,1
292369,116 Metrotown Station,1
292367,116 Edmonds Station,0
297521,230 Upper Lonsdale,0
297520,230 Upper Lonsdale,0
297518,230 Upper Lonsdale,0
292436,151 Como Lake Ave to Coquitlam Central Station,0
292438,151 Como Lake Ave to Burquitlam Station,1
297332,130 Willingdon/To Metrotown Station,1
297786,402 Brighouse Station,0
292370,119 Kingsway To Edmonds Station,0
297755,363 Peace Arch Hospital,1
297450,187 Parkway,0
297365,146 Suncrest,1
292456,157 Lougheed Station,1
292391,130 Kootenay Loop,0
297635,310 Scottsdale,0
297672,321 King George Blvd/To Surrey Central,0
293214,N9 Downtown,1
292320,84 UBC,1
292567,227 Lynn Valley,0
297431,180 Lougheed Station,1
297750,361 White Rock Centre,0
297412,172 Riverside,0
297968,620 Bridgeport Express,0
297928,595 Langley Centre,1
292354,106 Edmonds Station,1
297769,373 Surrey Central Station,1
292353,106 New West Station,0
297421,174 Coquitlam Central Station,1
292972,561 Brookswood,0
297586,251 Queens,1
297585,251 Park Royal via Queens,0
298101,Expo Line To Waterfront,1
297367,147 Metrotown Station,1
292950,503 Fraser Hwy Exp/Aldergrove,0
298151,N9 Coquitlam Central Station,0
298150,N9 Coquitlam Central Station,0
292305,49 UBC,1
297307,123 New West Station,0
297376,152 Coquitlam Central Station,0
297379,152 Coquitlam Central Station via Chilko,0
292827,373 Guildford,0
292987,595 Maple Meadows Station,0
297909,560 Langley Centre,1
297908,560 Murrayville,0
297267,100 Marpole via Trapp,1
297392,157 Lougheed Station,1
292328,99 UBC B-Line,1
298074,Millennium Line To Lafarge Lake-Douglas,0
297223,44 Downtown,0
296954,R2 Marine Drive/To Phibbs Exchange,0
298174,R5 Hastings St/To Burrard Station,1
298177,R5 Hastings St/To Burrard Station,1
298176,R5 Hastings St/To Burrard Station,1
298173,R5 Hastings St/To Waterfront Station,1
297608,255 Dundarave - To 25th & Marine,1
297729,342 Langley Centre,0
297607,255 Capilano University - via 15th St & Lonsdale,0
297609,255 Dundarave - To 25th & Marine,1
297029,9 Alma,1
297025,9 Alma,1
297038,9 To Granville,1
297037,9 Alma,1
297662,319 Scott Rd Station,0
292699,312 112 Street/To Scott Rd Station,0
292826,372 Clayton Heights,1
292240,22 Downtown,1
292236,22 Downtown,1
297163,22 Knight to 63rd,0
297160,22 Knight,0
292225,20 Victoria,1
292226,20 Victoria,1
292220,20 Victoria,1
297767,373 Guildford,0
297911,561 Langley Centre,1
292036,4 UBC,1
292035,4 UBC,1
292713,316 116 Street/To Surrey Central Station,0
292715,316 116 Street/To Scottsdale,1
297368,148 Edmonds Station,0
297045,10 Granville/To Waterfront Station,0
296985,6 Davie,1
292801,351 Bridgeport Station,0
297081,15 Olympic Village Station,0
297633,301 Newton Exchange Express,0
292040,4 UBC,1
297493,214 Blueridge,0
296977,5 Downtown,0
292555,214 Phibbs Exchange,1
297390,156 Lougheed Station,1
292744,321 King George Blvd/To White Rock Centre,1
292733,321 King George Blvd/To Scott Rd Station,0
292729,321 King George Blvd/To Scott Rd Station,0
297104,16 29th Ave Station,0
297085,16 Downtown,0
297738,350 Crescent Beach,1
297691,323 128 St to Newton Exchange,1
297360,144 Metrotown Station,1
297200,28 Phibbs Exchange,0
297201,28 Phibbs Exchange,0
297414,172 Coquitlam Central Station,1
292534,210 Phibbs Exchange,1
292724,320 Surrey Central Station,1
292726,320 Surrey Central Station,1
292535,210 Burrard Station,1
297306,119 Kingsway To Metrotown Station,1
297442,183 Coquitlam Central Station,0
292849,402 Brighouse Station,0
292779,337 Fraser Heights,0
292571,228 Grand Blvd To Lynn Valley,0
297406,170 Port Coquitlam Station,0
297856,413 Steveston,1
292364,112 New West Station,0
292366,112 Edmonds Station,1
297444,184 Noons Creek,0
297819,407 Bridgeport via Vulcan,0
297818,407 Bridgeport,0
297366,147 Edmonds Station,0
292497,181 Moody Centre Station,1
292496,181 Moody Centre Station,1
298095,Expo Line To Production Way-University,0
298094,Expo Line To King George,0
297907,555 Port Mann Exp/To Lougheed Station,1
294488,609 Ladner Exchange via Tsawwassen First Nat,0
293128,Canada Line To Waterfront,0
293129,Canada Line To Waterfront,0
297389,156 Braid Station,0
296996,7 Dunbar,1
298019,744 Meadowtown,1
292051,6 Downtown,0
292785,340 Scottsdale,0
297451,187 Coquitlam Central Station,1
297251,80 Marine Dr Exp/To River District,0
297642,312 112 Street/To Scott Rd Station,0
297326,130 Kootenay Loop,0
297327,130 Willingdon/To Phibbs Exchange,0
297316,123 To Sixth Ave,1
297288,106 Edmonds Station,1
297982,640 Ladner Exchange via Industrial,1
292046,5 Downtown,0
292044,5 Downtown,0
292045,5 Downtown,0
298123,N10 Downtown NightBus,0
297280,104 22nd St Station,0
296960,3 Main/To Marine Dr Station,1
297417,173 Cedar,0
297402,160 Port Coquitlam Station,0
293248,R6 Scott Road/To Newton Exchange,1
293087,745 Haney Place,1
293086,745 Haney Place,1
293092,746 Haney Place,1
293178,Expo Line To Waterfront,1
293089,746 Albion,0
293093,746 Haney Place,1
298102,Expo Line To New Westminster,1
298115,Expo Line To New Westminster,1
297543,240 Downtown,1
292395,130 Willingdon/To Metrotown Station,1
292394,130 Willingdon/To Metrotown Station,1
293194,N19 Surrey Central Station NightBus,0
292396,130 Willingdon/To Metrotown Station,1
293088,746 Albion via Port Haney Station,0
292411,134 Brentwood Station,1
297139,19 Kingsway/To Stanley Park,1
297144,19 Kingsway/To Joyce,1
292491,180 Moody Centre Station,0
298139,N24 Lynn Valley NightBus,0
297917,562 Langley Centre,1
292343,103 New West Station,0
296955,2 Macdonald/To Burrard Station,0
296956,2 Macdonald/To Burrard Station,0
292504,183 Moody Centre Station,1
292503,183 Coquitlam Central Station,0
292921,414 Richmond Oval,1
296959,3 Main/To Waterfront Station,0
293221,R2 Marine Drive/To Phibbs Exchange,0
292871,405 Cambie,0
292868,405 Cambie via Vulcan,0
292869,405 Cambie,0
297168,22 Knight,0
292201,19 Kingsway/To Metrotown Station,0
292196,19 Kingsway/To Metrotown Station,0
297191,26 29th Ave Station,1
293030,620 Bridgeport Express,0
292149,15 Cambie,1
292430,147 Edmonds Station,0
297082,15 Cambie,1
292223,20 Victoria,1
292256,26 Joyce Station,0
292170,16 Downtown,0
292151,16 29th Ave Station,0
292917,413 Steveston,1
297757,364 64TH Avenue/To Scottsdale,1
297758,370 Willowbrook,0
297299,112 Edmonds Station,1
292948,503 Fraser Hwy Exp/Langley Centre,0
297791,403 To Five Rd,0
297788,402 Two Road,1
297790,403 Bridgeport Station,0
292750,322 Scottsdale,1
297122,17 Downtown,0
292888,407 Gilbert,1
292892,407 Gilbert,1
292891,407 Gilbert,1
297793,403 Three Road,1
297287,106 New West Station,0
297783,401 Brighouse Station,0
292325,99 Commercial-Broadway Station,0
292322,99 Commercial-Broadway Station,0
292323,99 To Boundary B-Line,0
297737,350 White Rock Centre,0
292673,257 Vancouver Express,0
292593,232 Grouse Mountain,1
297879,501 Langley Centre,1
297657,316 116 Street/To Surrey Central Station,0
297341,133 Holdom Station,1
292667,256 21st To Whitby Estates,0
292645,252 Inglewood,1
292996,601 Bridgeport Station,0
297669,320 Surrey Central Station,1
292451,155 Braid Station via Hospital,0
297627,281 Eaglecliff,0
297667,320 Surrey Central Station,1
297243,50 South False Creek via Granville Island,1
297454,189 Lafarge,0
297597,254 British Properties,0
297593,253 Caulfeild,1
297594,253 Caulfeild,1
297408,170 Port Coquitlam South,1
297259,99 To Boundary B-Line,0
297258,99 Commercial-Broadway Station,0
297618,257 Horseshoe Bay  Express,1
292362,110 Metrotown Station,1
293083,745 Cottonwood,0
297323,129 Patterson Station,1
297334,131 Hastings @ Gilmore,0
297918,563 Langley Centre,0
292315,68 UBC Exchange,0
292639,250 Horseshoe Bay,1
292637,250 Dundarave To 25th & Marine,1
292640,School Special,1
297362,145 SFU,0
296950,361 White Rock Centre,0
296951,361 Ocean Park,1
297350,136 Lougheed Station,0
297351,136 Brentwood Station,1
297387,155 Braid Station via Hospital,0
292269,28 Joyce Station,1
293022,616 Ladner Exchange,0
292510,186 Coquitlam Central Station,1
292509,186 Hampton Park,0
292543,211 Burrard Station,1
292539,211 Seymour,0
292544,211 Phibbs Exchange,1
293053,701 Coquitlam Central Station,1
293055,701 Coquitlam Central Station,1
297610,255 Park Royal Only,1
292144,14 UBC,1
297910,561 Brookswood,0
296984,6 Downtown,0
296961,4 Powell,0
297161,22 Knight to 63rd,0
297162,22 Knight,0
293043,640 Ladner Exchange,1
293036,640 Scott Rd Station,0
297091,16 29th Ave Station,0
297089,16 29th Ave Station,0
292469,169 Braid Station,1
297781,395 Langley Centre,0
292676,262 Lions Bay- Brunswick,0
297022,9 Boundary,0
292414,136 Lougheed Station,0
292078,8 Fraser/To Waterfront Station,1
293124,900 Bike Bus/To Tsawwassen. Ferry,1
297291,110 Lougheed Station,0
297209,31 Metrotown Station,0
298182,2 Macdonald/To Dunbar Loop,1
297664,320 Langley Centre,0
292478,173 Cedar,0
292898,408 Brighouse Station,1
292818,364 64TH Avenue/To Scottsdale,1
292902,410 22nd St Station,0
292846,401 Brighouse Station,0
297301,116 Edmonds Station,0
297303,116 Metrotown Station,1
297302,116 Edmonds Station,0
298018,744 Haney Place,0
298017,744 Haney Place,0
297751,361 Ocean Park,1
292423,144 Metrotown Station,1
297957,609 South Delta Exchange via Tsawwassen First Nat,1
292712,316 116 Street/To Surrey Central Station,0
294476,180 Lougheed Station,1
297446,185 Lansdowne,0
297836,408 Brighouse Station,1
297527,232 Phibbs Exchange,0
297526,232 Phibbs Exchange,0
292695,310 Ladner,1
292952,503 Fraser Hwy Exp/Surrey Central Station,1
292342,102 New Westminster Station,1
297754,363 Southpoint,0
296987,7 Nanaimo Station,0
292103,9 Alma,1
292275,31 Metrotown Station,0
297438,182 Belcarra,0
297357,144 SFU,0
297640,311 Bridgeport Station,0
297437,182 Belcarra,0
292584,230 Lonsdale Quay,1
297058,14 Downtown,0
297579,250 Dundarave To 25th & Marine,1
297577,250 Horseshoe Bay,1
297374,151 Como Lake Ave to Burquitlam Station,1
297391,157 Burquitlam Station,0
293123,900 Bike Bus/To Bridgeport Station,0
297848,412 Sea Island South,1
292452,155 22nd St Station via Hospital,1
297700,325 140 St to Newton Exchange,1
292620,249 Delbrook,0
292304,49 To Granville,1
297510,228 Grand Blvd To Lynn Valley,0
297616,256 Park Royal,1
297155,20 Victoria to 41st Ave,1
297929,601 Bridgeport Station,0
292625,250 Vancouver,0
292624,250 Vancouver,0
292476,172 Riverside,0
297249,68 UBC Exchange,0
292420,143 SFU,1
292505,184 Noons Creek,0
293044,640 Tilbury,1
297195,27 Joyce Station,1
292851,402 Two Road,1
292850,402 Two Road,1
292316,68 Wesbrook Village,1
292330,100 22nd St Station,0
292329,100 22nd St Station via Trapp,0
297959,614 English Bluff,1
297958,614 South Delta Exchange,0
297018,9 Boundary,0
297015,9 Boundary,0
297027,9 To Granville,1
292916,413 Riverport,0
292913,413 Riverport,0
293218,R1 King George Blvd/To Guildford,0
292852,403 To Five Rd,0
293149,Expo Line To King George,0
293147,Expo Line To King George,0
292876,405 Five Road via Vulcan,1
293148,Expo Line To Production Way-University,0
293156,Expo Line To Braid,0
292877,405 Five Road,1
297130,19 Kingsway/To Metrotown Station,0
297993,701 Coquitlam Central Station,1
292242,23 Main St Station,0
292965,531 Willowbrook,0
297253,84 VCC-Clark Station,0
297688,322 Scottsdale,1
293244,R5 Hastings St/To Burrard Station,1
292937,430 Brighouse Station,1
292701,312 112 Street/To Scottsdale,1
293217,R1 King George Blvd/To Guildford,0
292734,321 King George Blvd/To Surrey Central,0
298166,R4 41ST Avenue/To UBC Exchange,1
292210,19 Kingsway/To Stanley Park,1
292211,19 Kingsway/To Stanley Park,1
292598,236 Lonsdale Quay,1
292596,236 Grouse Mountain,0
293137,Millennium Line To Lafarge Lake-Douglas,0
292307,50 Waterfront Station,0
293139,Millennium Line To VCC-Clark,1
292090,9 Boundary,0
297411,171 Coquitlam Central Station,1
297348,134 Brentwood Station,1
297974,640 Scott Rd Station,0
297850,413 Riverport,0
297213,41 41st Ave/To Granville St,0
297699,325 140 St to Surrey Central Station,0
297498,215 Indian River,0
297698,325 140 St to Surrey Central Station,0
292250,25 King Edward/To Brentwood Station,0
297467,210 Phibbs Exchange,0
292249,25 King Edward/To Nanaimo Station,0
297174,22 Downtown,1
297218,41 41st Ave/To Oak St,1
292358,110 Lougheed Station,0
294477,130 Willingdon/To Metrotown Station,1
297005,8 Fraser/To SE Marine Dr,0
297996,722 Meadowtown,0
297937,601 South Delta,1
297730,342 Newton Exchange,1
292274,29 Elliott,1
297536,236 Lonsdale Quay,1
298135,N20 Victoria NightBus,1
297961,616 Ladner South,1
297679,321 King George Blvd/To White Rock Centre,1
297553,246 Highland,0
293131,Canada Line To YVR-Airport,1
293130,Canada Line To Richmond-Brighouse,1
297646,312 112 Street/To Scottsdale,1
293198,N22 Downtown NightBus,0
293199,N22 Macdonald,1
293202,N24 Lynn Valley NightBus,0
292577,229 Lonsdale Ave to Lynn Valley,0
292578,229 Lonsdale Ave to Lonsdale Quay,1
297298,112 New West Station,0
297721,337 Surrey Central Station,1
297497,214 Phibbs Exchange,1
292483,174 Coquitlam Central Station,1
292481,174 Rocklin,0
297338,133 Edmonds Station,0
292375,123 New West Station,0
292405,133 Holdom Station,1
292404,133 Edmonds Station,0
293061,733 Rock Ridge,0
292687,282 Mt Gardner,0
297056,14 Hastings,0
297057,14 Downtown,0
292524,209 Burrard Station,1
292344,103 Quayside,1
292507,185 Lansdowne,0
297524,231 Lonsdale Quay,0
298120,SeaBus Northbound To Lonsdale Quay,0
297269,100 Marpole via Trapp,1
297268,100 Marpole,1
297386,153 Braid Station,1
292518,191 Coquitlam Central Station,1
297501,222 Willingdon Express/To Phibbs Exchange,0
297436,181 Moody Centre Station,1
297294,110 Metrotown Station,1
297592,253 Park Royal - Only,0
292098,9 To Granville,1
292961,562 Walnut Grove,1
292962,562 Walnut Grove,1
292958,562 Langley Centre,0
297440,182 Moody Centre Station,1
293229,R3 Lougheed Hwy To Haney Place,0
292934,430 Metrotown Station,0
292894,408 Riverport,0
292897,408 Brighouse Station,1
297858,414 Richmond Oval,1
292191,17 Oak,1
297872,430 Brighouse Station,1
296978,5 Downtown,0
293078,743 Meadowtown,1
296983,5 Robson,1
293183,SeaBus Southbound To Waterfront,1
292612,246 Highland,0
292610,245 Phibbs Exchange,1
293225,R2 Marine Drive/To Park Royal,1
292647,253 Park Royal - Only,0
297949,604 South Delta Exchange,0
297214,41 41st Ave/To Joyce Station,0
292263,27 Joyce Station,1
292283,41 41st Ave/To Oak St,1
292282,41 41st Ave/To Crown,1
297950,604 English Bluff,1
292793,345 152 Street/To King George Station,0
297573,250 Vancouver,0
297149,20 Victoria to 41st Ave,0
297319,128 8th Avenue To 22nd St Station,1
297317,128 8th Avenue To Braid Station,0
297623,280 Snug Cove,0
297624,280 Snug Cove,0
297337,132 Hastings @ Gilmore,1
292671,256 Park Royal,1
292448,153 Coquitlam Central Station,0
292464,160 Port Coquitlam Station,0
297385,153 Coquitlam Central Station,0
293216,R1 King George Blvd/To Guildford,0
293215,R1 King George Blvd/To Guildford,0
297410,171 Fremont,0
297210,31 River District,1
292355,109 Lougheed Station,0
292356,109 New West Station,1
297342,133 Holdom Station,1
292649,253 Caulfeild,1
297244,50 South False Creek via Granville Island,1
298183,2 Macdonald/To 16th Avenue,1
297399,159 Braid Station,1
297246,50 South False Creek via Granville Island,1
297999,733 Rock Ridge,0
293236,R5 Hastings St/To SFU Exchange,0
292101,9 To Granville,1
297418,173 Coquitlam Central Station,1
297419,174 Rocklin,0
292901,410 22nd St Station via Fraserwood,0
297356,143 SFU,1
292682,280 Bluewater,1
292428,146 Metrotown Station,0
292429,146 Suncrest,1
292022,2 Macdonald/To Burrard Station,0
292023,2 Macdonald/To Burrard Station,0
292241,22 Downtown,1
292239,22 Downtown via Terminal,1
297322,129 Holdom Station,0
297028,9 UBC,1
297031,9 To Granville,1
296976,4 UBC,1
296967,4 UBC,1
292751,323 128 St to Surrey Central,0
296974,4 UBC,1
292979,562 Langley Centre via TWU,1
297479,211 Seymour via Dollarton,0
297475,211 Seymour via Dollarton,0
297680,321 King George Blvd/To Newton Exchange,1
297447,185 Coquitlam Central Station,1
297770,375 152 Street/To Guildford,0
292730,321 King George Blvd/To Scott Rd Station,0
297522,230 Lonsdale Quay,1
292835,388 Carvolth Exchange,0
292551,212 Phibbs Exchange,1
292572,228 Grand Blvd To Lynn Valley,0
297606,255 Capilano University - via 15th St & Lonsdale,0
297665,320 Fleetwood,0
297405,169 Braid Station,1
292319,84 VCC-Clark Station,0
297488,212 Phibbs Exchange,1
292502,183 Coquitlam Central Station,0
292352,105 New West Station,1
292385,128 8th Avenue To 22nd St Station,1
297272,101 Lougheed Station,0
292145,14 UBC,1
292560,215 Phibbs Exchange,1
297540,240 Lynn Valley,0
293243,R5 Hastings St/To Burrard Station,1
297690,323 128 St to Surrey Central,0
297969,620 Tsawwassen Ferry Express,1
292829,373 Surrey Central Station,1
297289,109 Lougheed Station,0
292418,136 Brentwood Station,1
298042,749 Haney Place,1
298040,749 Ruskin,0
298043,749 Haney Place,1
298041,749 Haney Place,1
298000,733 Rock Ridge,0
297997,722 Bonson,1
292387,129 Holdom Station,0
297135,19 Kingsway/To Metrotown Station,0
292582,230 Upper Lonsdale,0
297134,19 Kingsway/To Metrotown Station,0
297211,33 16th & 33RD Avenue/To 29th Avenue Station,0
292986,564 Langley Centre,1
292984,564 Willowbrook,0
297756,364 64TH Avenue/To Langley Centre,0
297572,250 Vancouver,0
298185,338 East Fraser Heights,0
292776,335 Surrey Central Station,1
292777,335 Surrey Central Station,1
297151,20 Victoria,1
297152,20 Victoria,1
292268,28 Joyce Station,1
292257,26 29th Ave Station,1
298098,Expo Line To Lougheed Town Centre,0
292511,187 Parkway,0
292327,99 UBC B-Line,1
292549,212 Phibbs Exchange,1
292453,156 Braid Station,0
297388,155 22nd St Station via Hospital,1
294481,241 Downtown,1
297923,564 Willowbrook,0
297514,228 Grand Blvd To Lonsdale Quay,1
297924,564 Langley Centre,1
297207,29 29th Ave Station,0
293020,614 South Delta Exchange,0
293021,614 English Bluff,1
297748,360 Peace Arch Hospital,0
298008,741 Haney Place,1
298005,741 Anderson Creek,0
297331,130 Willingdon/To Metrotown Station,1
297324,130 Kootenay Loop,0
292232,22 Knight to 63rd,0
297831,408 Ironwood,0
297906,555 Port Mann Exp/To Carvolth Exchange,0
292853,403 Bridgeport Station,0
292027,3 Main/To Marine Dr Station,1
297551,245 Capilano U,0
297457,191 Coquitlam Central Station,1
298156,R1 King George Blvd/To Guildford,0
297090,16 29th Ave Station,0
297084,16 To Kingsway,0
297915,562 Langley Centre via TWU,1
296986,6 Davie,1
297695,324 132 Street/To Surrey Central,0
298026,746 Albion,0
292728,321 King George Blvd/To Surrey Central,0
293101,749 Ruskin,0
292185,16 Arbutus,1
292288,44 Downtown,0
297222,44 Dundarave Express,0
298171,R5 Hastings St/To Kootenay Loop,0
292247,25 King Edward/To Brentwood Station,0
297762,371 Surrey Central Station,0
297369,148 Royal Oak Station,1
292146,14 UBC,1
297927,595 Langley Centre,1
292665,255 Dundarave - To 25th & Marine,1
292662,255 Capilano University - via 15th St & Lonsdale,0
297653,314 Scott & 96 Ave,1
297507,227 Phibbs Exchange,1
292586,231 Harbourside,1
297619,262 Lions Bay- Brunswick,0
292516,189 Coquitlam Central Station,1
297448,186 Hampton Park,0
297496,214 Phibbs Exchange,1
293065,733 Haney Place,1
297415,173 Cedar,0
297310,123 New West Station,0
297309,123 New West Station,0
297225,44 UBC,1
297976,640 Scott Rd Station,0
292537,211 Seymour via Dollarton,0
292541,211 Seymour via Dollarton,0
292540,211 Seymour,0
292545,211 Phibbs Exchange,1
297589,252 Inglewood,1
293081,744 Meadowtown,1
292376,123 To Sixth Ave,1
297257,99 To Boundary B-Line,0
297202,28 Joyce Station,1
297198,28 Kootenay Loop,0
298154,R1 King George Blvd/To Guildford,0
292989,595 Langley Centre,1
292831,375 152 Street/To Guildford,0
297007,8 Fraser/To SE Marine Dr,0
292856,403 Three Road,1
292421,144 SFU,0
292810,360 Ocean Park,1
292809,360 Peace Arch Hospital,0
297397,159 Braid Station via Poco Station,1
292087,9 Boundary,0
292088,9 Commercial-Broadway Station,0
292758,324 132 Street/To Newton Exchange,1
292743,321 King George Blvd/To White Rock South,1
292802,351 White Rock Centre,1
292689,301 Newton Exchange Express,0
297785,401 One Road,1
292208,19 Stanley Park,1
292200,19 Kingsway/To Metrotown Station,0
293049,701 Maple Ridge East,0
292058,7 Nanaimo Station,0
292055,7 Nanaimo Station,0
292063,7 Dunbar,1
292071,7 Dunbar,1
292788,341 Guildford,0
297286,105 New West Station,1
297470,210 Burrard Station,1
297591,253 Vancouver,0
297517,229 Lonsdale Ave to Lonsdale Quay,1
292848,401 One Road,1
292265,28 Phibbs Exchange,0
292073,8 Fraser/To SE Marine Dr,0
297361,144 Metrotown Station,1
292276,31 River District,1
292508,185 Coquitlam Central Station,1
293109,791 Braid Station,1
297533,236 Grouse Mountain,0
297629,281 Snug Cove,1
297482,211 Phibbs Exchange,1
293180,West Coast Express Train To Mission,0
296988,7 Nanaimo Station,0
293181,West Coast Express Train To Waterfront,1
292084,9 Boundary,0
297208,29 Elliott,1
292290,44 UBC,1
298096,Expo Line To King George,0
292834,375 152 Street/To White Rock South,1
297290,109 New West Station,1
292912,412 Sea Island South,1
292911,412 Sea Island South,1
292822,370 Cloverdale,1
297001,7 Dunbar,1
297763,371 Scott Rd Station,1
292569,227 Phibbs Exchange,1
292314,50 South False Creek via Granville Island,1
297883,502 Langley Centre,0
297146,20 Downtown,0
297148,20 Downtown,0
297157,20 Victoria,1
297820,407 Lansdowne Station,0
292690,301 Brighouse Station Express,1
297990,701 Coquitlam Central Station,1
297869,418 Kingswood,1
297870,418 Kingswood,1
297733,345 152 Street/To King George Station,0
297732,345 152 Street/To King George Station,0
292432,148 Edmonds Station,0
296968,4 To Blanca,1
292205,19 Kingsway/To Joyce,1
292463,159 Braid Station via Poco Station,1
297254,84 UBC,1
297147,20 Downtown,0
292762,325 140 St to Newton Exchange,1
293045,640 Tilbury,1
297904,531 White Rock Centre,1
292674,257 Horseshoe Bay  Express,1
297905,531 White Rock Centre,1
297088,16 To Kingsway,0
297673,321 King George Blvd/To Scott Rd Station,0
292966,531 White Rock Centre,1
292184,16 Arbutus,1
293142,Millennium Line To VCC-Clark,1
292815,363 Southpoint,0
292973,561 Langley Centre,1
293164,Expo Line To New Westminster,1
292723,320 Langley Centre,0
292406,133 Holdom Station,1
292840,393 Surrey Central Station,0
293014,606 Ladner Ring,0
292365,112 Edmonds Station,1
292759,325 140 St to Surrey Central Station,0
293015,606 Ladner Ring,1
292790,Special,1
292967,531 White Rock Centre,1
297810,405 Five Road via Vulcan,1
292782,337 Surrey Central Station,1
292783,337 Surrey Central Station,1
297811,405 Five Road via Vulcan,1
292224,20 Victoria,1
292219,20 Victoria to 54th Ave,1
293050,701 Maple Ridge E via Samuel Robertson,0
297947,603 Beach Grove,1
293167,Expo Line To Waterfront,1
292521,209 Burrard Station,1
292522,209 Phibbs Exchange,1
292519,209 Upper Lynn Valley,0
292520,209 Burrard Station,1
292472,170 Port Coquitlam South,1
297502,222 Willingdon Express/To Metrotown Station,1
297203,28 Kootenay Loop,1
297565,249 Lonsdale Quay,1
297792,403 Three Road,1
297835,408 Brighouse Station,1
292800,351 Bridgeport Station,0
292341,102 Victoria Hill,0
293027,618 Ladner Exchange,1
297742,351 White Rock Centre,1
297740,351 Bridgeport Station,0
292796,345 152 Street/To White Rock Centre,1
292795,345 152 Street/To White Rock Centre,1
292798,350 White Rock Centre,0
292431,147 Metrotown Station,1
292400,132 Capitol Hill,0
292884,407 Bridgeport,0
292882,407 Lansdowne Station,0
297849,412 Sea Island South,1
292600,240 Lynn Valley,0
297173,22 Downtown,1
297006,8 Fraser/To SE Marine Dr,0
297728,341 Newton Exchange,1
297832,408 Riverport,0
292279,41 41st Ave/To Joyce Station,0
297129,19 Pender/To Granville,0
292512,187 Coquitlam Central Station,1
292440,152 Coquitlam Central Station via Chilko,0
292443,152 Coquitlam Central Station,0
292455,157 Burquitlam Station,0
297625,280 Bluewater,1
292789,341 Newton Exchange,1
297651,314 Surrey Central Station,0
297668,320 Surrey Central Station,1
297648,314 Surrey Central Station,0
297926,595 Maple Meadows Station,0
292100,9 Alma,1
292574,228 Grand Blvd To Lonsdale Quay,1
292029,4 Powell,0
293028,619 South Delta Exchange,0
297273,101 22nd St Station,1
297964,618 Ladner Exchange,1
292042,4 To Blanca,1
292031,4 Downtown,0
292032,4 Powell,0
292698,312 112 Street/To Scott Rd Station,0
297677,321 King George Blvd/To Surrey Central,0
297021,9 Boundary,0
297463,209 Burrard Station,1
297889,503 Fraser Hwy Exp/Langley Centre,0
298142,N24 Downtown NightBus,1
292346,104 22nd St Station,0
292350,104 Queensborough,1
293134,Millennium Line To Lafarge Lake-Douglas,0
298036,748 Haney Place,1
297555,246 Downtown,1
297544,240 Downtown,1
293212,N9 Coquitlam Central Station,0
297671,321 King George Blvd/To Surrey Central,0
297381,152 Lougheed Station via Chilko,1
297382,152 Lougheed Station,1
298169,R5 Hastings St/To SFU Exchange,0
297956,609 Ladner Exchange via Tsawwassen First Nat,0
292028,4 Downtown,0
293211,N8 Downtown NightBus,1
293210,N8 Fraser NightBus,0
292922,416 East Cambie,0
297224,44 UBC,1
297339,133 Edmonds Station,0
298170,R5 Hastings St/To SFU Exchange,0
297187,25 King Edward/To UBC Exchange,1
297185,25 King Edward/To Granville,1
297300,112 Edmonds Station,1
292954,503 Fraser Hwy Exp/Surrey Central Station,1
297395,159 Coquitlam Central Station,0
297771,375 152 Street/To White Rock South,1
297722,337 Surrey Central Station,1
297720,337 Guildford,1
294482,246 Downtown,1
297601,254 Park Royal - Only,1
297603,254 Vancouver,1
297647,314 Surrey Central Station,0
297274,Special,1
292988,595 Ridge Meadows,0
293208,N35 SFU NightBus,0
293209,N35 Downtown NightBus,1
292390,130 Willingdon/To Phibbs Exchange,0
292267,28 Kootenay Loop,0
292971,560 Langley Centre,1
293023,616 Ladner South,1
298027,746 Albion via Port Haney Station,0
298118,West Coast Express Train To Mission,0
298119,West Coast Express Train To Waterfront,1
293048,701 Haney Place,0
292130,14 Hastings,0
292134,14 Hastings,0
292133,14 Downtown,0
292132,14 Downtown,0
297965,618 Ladner Exchange,1
293046,701 Mission City Station,0
293108,791 Haney Place,0
297439,182 Moody Centre Station,1
292861,404 Four Road,0
292930,418 Kingswood,1
292845,395 King George Station,1
292867,405 Cambie,0
297002,7 Downtown,1
296997,7 to Hastings,1
292180,16 Hastings,1
298076,Millennium Line To Lafarge Lake-Douglas,0
293068,741 Anderson Creek,0
293062,733 Rock Ridge,0
293085,745 Haney Place,1
292693,310 Scottsdale,0
297794,403 Three Road,1
292253,25 King Edward/To UBC Exchange,1
292559,215 Indian River,0
293193,N19 New West Station,0
297846,412 Bridgeport Station,0
297847,412 Bridgeport Station,0
292446,152 Lougheed Station via Chilko,1
292445,152 Lougheed Station,1
292616,246 Downtown,1
292642,251 Queens,1
297458,209 Upper Lynn Valley,0
297459,209 Burrard Station,1
297704,326 Surrey Central Station,1
297884,502 Surrey Central Station,1
292977,562 Langley Centre,1
292270,28 Gilmore Station,1
292111,10 Granville/To Waterfront Station,0
292110,10 Granville/To Waterfront Station,0
292109,10 Granville/To Waterfront Station,0
292198,19 Kingsway/To Metrotown Station,0
297169,22 Downtown,1
297490,212 Phibbs Exchange,1
297930,601 Bridgeport Station,0
292172,16 To Kingsway,0
297864,418 22nd St Station,0
297981,640 Ladner Exchange,1
292530,210 Upper Lynn Valley,0
292529,210 Upper Lynn Valley,0
292474,171 Coquitlam Central Station,1
293079,744 Haney Place,0
292704,314 Surrey Central Station,0
292706,314 Surrey Central Station,0
292705,314 Surrey Central Station,0
292879,406 Railway Ave to Steveston,1
292079,8 Fraser/to 41st Ave,1
292077,8 Fraser/To Waterfront Station,1
297143,19 Kingsway/To Downtown,1
293195,N19 Downtown NightBus,1
292982,563 Langley Centre,0
297248,50 South False Creek via Granville Island,1
297938,601 Boundary Bay,1
297013,8 Fraser/To Waterfront Station,1
297800,404 Brighouse Station,1
297622,262 Caulfeild,1
298184,254 Park Royal - Only,1
297426,175 Coquitlam Central Station,1
297425,175 Coquitlam Central Station,1
297772,388 Carvolth Exchange,0
292993,601 Bridgeport Station,0
292994,601 Bridgeport Station,0
292995,601 Bridgeport Station,0
292164,16 29th Ave Station,0
297860,416 Brighouse Station,1
292074,8 Fraser/To SE Marine Dr,0
292234,22 Knight to 63rd,0
297844,410 Brighouse Station via Fraserwood,1
292318,80 Marine Dr Exp/To Marine Dr Station,1
297813,405 Brighouse Station,1
297812,405 Five Road,1
292368,116 Metrotown Station,1
297108,16 Arbutus,1
298158,R1 King George Blvd/To Newton Exchange,1
298030,746 Haney Place,1
298133,N19 Downtown NightBus,1
297133,19 Kingsway/To Metrotown Station,0
297394,159 Coquitlam Central Station,0
297393,159 Coquitlam Central Station,0
297189,26 Joyce Station,0
292983,563 Fernridge,1
292741,321 King George Blvd/To White Rock Centre,1
297114,16 Hastings,1
297107,16 Arbutus,1
297656,316 116 Street/To Surrey Central Station,0
297676,321 King George Blvd/To Scott Rd Station,0
298083,Expo Line To Braid,0
296952,362 White Rock Centre,0
293003,602 Bridgeport Station,0
297587,252 Park Royal via Inglewood,0
292398,131 Hastings @ Gilmore,0
293189,N15 Downtown NightBus,0
293190,N15 Cambie NightBus,1
293191,N17 Downtown NightBus,0
293192,N17 UBC NightBus,1
292825,372 Langley Centre,0
297802,404 Brighouse Station,1
297140,19 Kingsway/To Stanley Park,1
292847,401 One Road,1
297749,360 Ocean Park,1
296995,7 Dunbar,1
298126,N10 Brighouse Station via YVR,1
298125,N10 Brighouse Station,1
298134,N20 Downtown NightBus,0
298124,N10 Downtown via YVR NightBus,0
292828,373 To Kindersley Dr,0
292830,373 Surrey Central Station,1
298016,743 South Haney,1
292635,250 Dundarave To 25th & Marine,1
292638,250 Horseshoe Bay,1
292033,4 Powell,0
292311,50 South False Creek via Granville Island,1
292309,50 South False Creek via Granville Island,1
298015,743 Meadowtown,1
297706,329 Surrey Central Station,0
292700,312 112 Street/To Scottsdale,1
292746,321 King George Blvd/To Newton Exchange,1
292905,410 Brighouse Station,1
292207,19 Kingsway/To Downtown,1
298012,743 Haney Place,0
298011,743 Haney Place,0
297430,180 Lougheed Station,1
297537,236 Lonsdale Quay,1
292515,189 Lafarge,0
298146,N35 SFU NightBus,0
298147,N35 Downtown NightBus,1
292920,414 Brighouse Station,0
292480,173 Coquitlam Central Station,1
292479,173 Cedar,0
292403,133 Edmonds Station,0
292374,123 New West Station,0
292473,171 Fremont,0
297378,152 Coquitlam Central Station,0
297285,105 Uptown,0
292641,251 Park Royal via Queens,0
293074,743 Haney Place,0
292068,7 Dunbar,1
292069,7 Dunbar,1
292896,408 Riverport,0
297817,406 Railway Ave to Steveston,1
297809,405 Five Road,1
298078,Millennium Line To VCC-Clark,1
292664,255 Park Royal Only,1
292623,250 Vancouver,0
297473,210 Phibbs Exchange,1
297939,601 South Delta,1
293017,608 Ladner Ring,1
297631,282 Mt Gardner,0
298137,N22 Macdonald,1
292393,130 Kootenay Loop,0
292409,134 Lake City Station,0
292688,282 Snug Cove,1
297304,116 Metrotown Station,1
292820,370 Willowbrook,0
292118,10 Granville/To Marine Dr Station,1
297705,329 Surrey Central Station,0
297707,329 Scott & 96 Ave,0
297708,329 Scottsdale,1
297709,329 Scottsdale,1
292870,405 Cambie via Vulcan,0
292964,531 Langley Centre,0
292233,22 Knight,0
297142,19 Kingsway/To Downtown,1
297962,618 Ladner North,0
297196,27 Joyce Station,1
292281,41 41st Ave/To Granville St,0
292611,246 Highland,0
297859,416 East Cambie,0
292498,182 Belcarra,0
292326,99 To Alma  B-Line,1
297242,50 Waterfront Station,0
292780,337 Fraser Heights,0
292883,407 Bridgeport via Vulcan,0
292881,407 Lansdowne Station,0
298046,791 Haney Place,0
292116,10 Granville/To Marpole,1
297523,230 Lonsdale Quay,1
298077,Millennium Line To VCC-Clark,1
297416,173 Cedar,0
297837,410 22nd St Station,0
297111,16 Arbutus,1
292454,156 Lougheed Station,1
297424,175 Meridian,0
297422,175 Meridian,0
298152,N9 Downtown,1
293060,733 Rock Ridge,0
298007,741 Haney Place,1
298009,741 Port Haney Station,1
297702,326 Guildford,0
292340,101 22nd St Station,1
293029,619 Boundary Bay,1
298073,Millennium Line To Lafarge Lake-Douglas,0
297495,214 Burrard Station,1
297182,25 King Edward/To Brentwood Station,0
292696,311 Bridgeport Station,0
297554,246 Highland,0
298020,745 Cottonwood,0
297888,503 Fraser Hwy Exp/Aldergrove,0
292970,560 Murrayville,0
297638,310 Ladner,1
298145,N24 Downtown NightBus,1
297970,640 Scott Rd Station,0
292499,182 Belcarra,0
292339,Special,1
292382,128 Braid Station,0
292384,128 22nd St Station,1
292842,394 King George Station,0
292841,393 Newton Exchange,1
292714,316 116 Street/To Scottsdale,1
297008,8 Fraser/To SE Marine Dr,0
292804,352 Ocean Park To Bridgeport Station,0
297925,595 Ridge Meadows,0
297358,144 Metrotown Station,1
293186,N10 Granville To 71,0
293184,N10 Downtown via YVR NightBus,0
293185,N10 Downtown NightBus,0
298023,745 Haney Place,1
297434,181 Belcarra,0
292295,49 Metrotown Station,0
292296,49 Metrotown Station,0
292397,130 Willingdon/To Metrotown Station,1
294484,173 Cedar,0
292633,250 Park Royal - Only,1
292477,172 Coquitlam Central Station,1
297347,134 Brentwood Station,1
297343,134 Lake City Station,0
297004,7 Dunbar,1
297003,7 Dunbar,1
297897,509 Walnut Grove,0
292082,9 Commercial-Broadway Station,0
298087,Expo Line To Braid,0
297596,254 British Properties,0
292643,252 Park Royal via Inglewood,0
297953,606 Ladner Ring,1
292542,211 Phibbs Exchange,1
292113,10 Granville/To Davie,0
292874,405 Five Road,1
297153,20 Victoria,1
292536,211 Seymour,0
297231,49 Metrotown Station,0
297228,49 Metrotown Station,0
297890,503 Fraser Hwy Exp/Surrey Central Station,1
297892,503 Fraser Hwy Exp/To Langley Centre,1
292562,222 Willingdon Expresss/To Phibbs Exchange,0
292806,354 Bridgeport Station,0
292485,175 Meridian,0
297052,10 Granville/To Marine Dr Station,1
297046,10 Granville/To Waterfront Station,0
293009,603 Beach Grove,1
296953,362 Seaside,1
296971,4 UBC,1
297159,20 Victoria to 54th Ave,1
292708,314 Surrey Central Station,0
297530,232 Phibbs Exchange,0
297857,414 Brighouse Station,0
297550,241 Downtown,1
297548,241 Upper Lonsdale,0
298001,733 Haney Place,1
292999,601 Boundary Bay,1
292997,601 South Delta Exchange,1
293001,602 Tsawwassen Heights,1
293246,R5 Hastings St/To Waterfront Station,1
292228,22 Knight,0
292047,5 Robson,1
292599,240 Lynn Valley,0
297217,41 41st Ave/To Granville St,1
292766,326 Surrey Central Station,1
292763,326 Guildford,0
292475,172 To Ottawa,0
294491,116 Edmonds Station,0
292899,408 Brighouse Station,1
297995,719 Fraser Way,1
297994,719 Meadowtown,0
292034,4 UBC,1
292284,41 41st Ave/To Granville St,1
292285,41 41st Ave/To Oak St,1
298144,N24 Lonsdale Quay NightBus,1
298138,N24 Lonsdale Quay NightBus,0
298143,N24 Downtown NightBus,1
297825,407 Gilbert via Vulcan,1
292347,104 22nd St Station,0
294489,609 South Delta Exchange via Tsawwassen First Nat,1
298148,N8 Fraser NightBus,0
298022,745 Haney Place,1
297541,240 Lynn Valley,0
293056,719 Meadowtown,0
292866,404 Brighouse Station,1
292864,404 Brighouse Station,1
292863,404 Steveston & 5 Rd,1
292425,144 Metrotown Station,1
293004,602 Tsawwassen Heights,1
292808,354 White Rock South,1
293120,Special,1
293059,722 Bonson,1
292321,99 To Boundary B-Line,0
292066,7 Dunbar,1
297845,410 Brighouse Station,1
297154,20 Victoria,1
296999,7 Dunbar,1
298014,743 Haney Place,0
292581,230 Upper Lonsdale,0
297745,354 Bridgeport Station,0
297746,354 White Rock South,1
297557,246 Marine & Garden,1
297559,246 Marine & Capilano,1
297509,228 Grand Blvd To Lynn Valley,0
297131,19 Kingsway/To Metrotown Station,0
297684,321 King George Blvd/To White Rock South,1
297441,183 Coquitlam Central Station,0
298193,321 King George Blvd/To Surrey Central,0
292597,236 Lonsdale Quay,1
292039,4 UBC,1
292246,25 King Edward/To Brentwood Station,0
297329,130 Willingdon/To Metrotown Station,1
296970,4 UBC,1
298034,748 Thornhill,0
297401,160 Port Coquitlam Station,0
297960,616 Ladner Exchange,0
293207,N24 Downtown NightBus,1
293206,N24 Downtown NightBus,1
297199,28 Kootenay Loop,0
298084,Expo Line To Edmonds,0
292419,143 Burquitlam Station,0
292402,133 Edmonds Station,0
292893,408 Ironwood,0
292229,22 Knight via Industrial,0
292057,7 Nanaimo Station,0
292192,17 Oak,1
298168,R5 Hastings St/To Kootenay Loop,0
292262,27 Joyce Station,1
292500,182 Moody Centre Station,1
297626,280 Bluewater,1
297975,640 Scott Rd Station via Industrial,0
297952,606 Ladner Ring,0
298071,Canada Line To Richmond-Brighouse,1
292218,20 Victoria to 54th Ave,1
292221,20 Victoria to 41st Ave,1
292684,281 Eaglecliff,0
292608,241 Downtown,1
292606,241 Upper Lonsdale,0
293245,R5 Hastings St/To Burrard Station,1
298037,748 Haney Place,1
297643,312 112 Street/To Scott Rd Station,0
292607,241 Upper Lonsdale,0
297513,228 Grand Blvd & 15th St,1
297247,50 South False Creek via Granville Island,1
297946,603 Beach Grove,1
297086,16 29th Ave Station,0
297109,16 Arbutus,1
298149,N8 Downtown NightBus,1
297948,604 Bridgeport Station,0
297979,640 Tilbury,1
298122,N10 Granville To 71,0
292585,231 Lonsdale Quay,0
297621,262 Caulfeild,1
297736,350 White Rock Centre,0
297489,212 Phibbs Exchange,1
297492,214 Blueridge,0
297491,214 Blueridge,0
297978,640 Scott Rd Station,0
293127,Canada Line To Bridgeport,0
293126,Canada Line To Bridgeport,0
297215,41 41st Ave/To Joyce Station,0
292858,403 Three Road,1
297988,701 Mission City Station,0
297110,16 Arbutus,1
292202,19 Pender/To Granville,0
292654,254 British Properties,0
292655,254 British Properties,0
292652,254 British Properties,0
292653,254 British Properties,0
292197,19 Kingsway/To Metrotown Station,0
297963,618 Ladner North,0
292909,412 Bridgeport Station,0
293107,749 Haney Place,1
293106,749 Haney Place,1
297156,20 Victoria to 41st Ave,1
297158,20 Victoria to 54th Ave,1
297867,418 To Boundary Rd,1
292956,509 Walnut Grove,0
293121,Special,0
296989,7 Nanaimo Station,0
292765,326 Surrey Central Station,1
292553,214 Blueridge,0
292784,337 Guildford,1
292386,129 Holdom Station,0
298155,R1 King George Blvd/To Guildford,0
298141,N24 Lynn Valley NightBus,0
292889,407 Gilbert via Vulcan,1
292254,25 King Edward/To Granville,1
297009,8 Fraser/To SE Marine Dr,0
297830,408 Riverport,0
297423,175 Meridian,0
298112,Expo Line To Waterfront,1
297216,41 41st Ave/To Oak St,1
298006,741 Anderson Creek,0
293063,733 Port Haney Station,1
297580,250 West Bay,1
297636,310 Scottsdale via Delta View,0
297807,405 Cambie via Vulcan,0
297542,240 Downtown,1
293099,748 Haney Place,1
293097,748 Thornhill,0
292951,503 Fraser Hwy Exp/To Langley Sec,0
293094,746 Haney Place via Port Haney Station,1
292538,Special,0
293095,746 Haney Place,1
297801,404 Brighouse Station,1
297604,254 Vancouver,1
292389,130 Willingdon/To Pender,0
298031,746 Haney Place,1
298029,746 Haney Place via Port Haney Station,1
298028,746 Haney Place,1
297296,110 Metrotown Station,1
292895,408 Ironwood,0
292546,211 Phibbs Exchange,1
297944,603 South Delta Exchange,0
292617,247 Grouse Mountain,0
297462,209 Burrard Station,1
297125,17 Oak,1
296990,7 Nanaimo Station,0
292887,407 Gilbert,1
292115,10 Granville/To Waterfront Station,0
292056,7 Nanaimo Station,0
297171,22 Downtown via Terminal,1
297180,25 King Edward/To Nanaimo Station,0
292692,310 Scottsdale via Delta View,0
292594,236 Grouse Mountain,0
298132,N19 New West Station,0
292527,210 Phibbs Exchange,0
298175,R5 Hastings St/To Burrard Station,1
297951,604 English Bluff,1
298070,Canada Line To YVR-Airport,1
292725,320 Surrey Central Station,1
292947,502 Surrey Central Station,1
297132,19 Kingsway/To Metrotown Station,0
297955,608 Ladner Ring,1
297320,128 22nd St Station,1
297650,314 Surrey Central Station,0
292626,250 Vancouver,0
292992,601 Bridgeport Station,0
292165,16 29th Ave Station,0
292171,16 To Kingsway,0
292768,329 Surrey Central Station,0
297059,14 Hastings,0
292627,250 Park Royal,0
292771,329 Scottsdale,1
293145,Expo Line To Lougheed Town Centre,0
292770,329 Scottsdale,1
297556,246 Downtown,1
298035,748 Thornhill,0
297396,159 Coquitlam Central Station,0
292570,228 Grand Blvd To Lynn Valley,0
297206,28 Joyce Station,1
298025,745 Haney Place,1
298024,745 Haney Place,1
293016,608 Ladner Ring,0
297914,562 Walnut Grove,0
296998,7 Dunbar,1
292462,Special,1
293113,Special,1
293112,Special,0
292449,153 Coquitlam Central Station,0
292457,159 Coquitlam Central Station,0
292259,27 Kootenay Loop,0
292613,246 Marine & Capilano,1
292634,250 West Bay,1
292041,4 To Blanca,1
292747,321 King George Blvd/To White Rock Centre,1
292209,19 Kingsway/To Stanley Park,1
292206,19 Kingsway/To Downtown,1
292650,253 Caulfeild,1
297744,352 Ocean Park To White Rock Centre,1
298045,749 Haney Place,1
292533,210 Burrard Station,1
298039,749 Ruskin,0
293075,743 Haney Place,0
292061,7 Dunbar,1
292062,7 Downtown,1
292067,7 to Hastings,1
292102,9 To Granville,1
292460,159 Coquitlam Central Station,0
297854,Special,1
293038,640 Scott Rd Station,0
297632,282 Snug Cove,1
298136,N22 Downtown NightBus,0
293196,N20 Downtown NightBus,0
292990,595 Langley Centre,1
297940,601 South Delta Exchange,1
297829,407 Lansdowne Station,1
298140,N24 Lynn Valley NightBus,0
298066,Canada Line To Bridgeport,0
297519,230 Upper Lonsdale,0
297743,352 Ocean Park To Bridgeport Station,0
297773,388 22nd St Station,1
297468,210 Upper Lynn Valley,0
297466,210 Upper Lynn Valley,0
297886,503 Fraser Hwy Exp/To Langley Sec,0
292865,404 Brighouse Station,1
292890,407 Gilbert via Vulcan,1
297697,325 140 St to Surrey Central Station,0
297639,310 Ladner via Delta View,1
292313,50 South False Creek via Granville Island,1
298198,250 Special,0
292694,310 Ladner via Delta View,1
292167,16 To Kingsway,0
297824,407 Gilbert via Vulcan,1
293033,640 Scott Rd Station,0
292494,181 Belcarra,0
292495,181 Ioco,0
297377,152 Coquitlam Central Station via Chilko,0
297252,80 Marine Dr Exp/To Marine Dr Station,1
297345,134 Sperling Station,0
297344,134 Lake City Station,0
292839,391 Scottsdale,1
292556,214 Phibbs Exchange,1
292557,214 Burrard Station,1
292805,352 Ocean Park To White Rock Centre,1
292735,321 King George Blvd/To Surrey Central,0
297980,640 Tilbury,1
298129,N17 Downtown NightBus,0
293187,N10 Brighouse Station via YVR,1
293188,N10 Brighouse Station,1
292412,134 Brentwood Station,1
297227,49 Metrotown Station,0
293012,604 English Bluff,1
297943,603 Bridgeport Station,0
297141,19 Stanley Park,1
297880,501 Langley Centre via 202A St,1
293037,640 Scott Rd Station via Industrial,0
293035,640 Scott Rd Station via Industrial,0
297193,27 Kootenay Loop,0
297534,236 Pemberton Heights,0
296992,7 Nanaimo Station,0
297000,7 Dunbar,1
297051,10 Granville/To Marine Dr Station,1
293103,749 Haney Place,1
293102,749 Ruskin,0
298081,Millennium Line To VCC-Clark,1
292169,16 29th Ave Station,0
297903,531 Langley Centre,0
298105,Expo Line To Waterfront,1
293010,604 South Delta Exchange,0
293011,604 Bridgeport Station,0
297716,335 Surrey Central Station,1
297547,241 Upper Lonsdale,0
297998,733 Rock Ridge,0
297407,170 Port Coquitlam South,1
293026,618 Ladner Exchange,1
292767,329 Scott & 96 Ave,0
292769,329 Surrey Central Station,0
293122,Special,1
292914,Special,0
293213,N9 Coquitlam Central Station,0
292906,410 Brighouse Station via Fraserwood,1
292038,4 UBC,1
292399,131 Kootenay Loop,1
297308,123 New West Station,0
298130,N17 UBC NightBus,1
293091,746 Haney Place via Port Haney Station,1
296964,4 Downtown,0
292859,404 Four Road,0
293052,701 Haney Place,1
293054,701 Coquitlam Central Station,1
292413,134 Special,1
292526,210 Upper Lynn Valley,0
297279,104 22nd St Station,0
297935,601 Ladner Exchange,1
297941,602 Bridgeport Station,0
297942,602 Tsawwassen Heights,1
298192,321 King George Blvd/To Surrey Central,0
297670,321 King George Blvd/To New West Station,0
292925,418 22nd St Station,0
297852,Special,0
297851,413 Riverport,0
297713,335 Surrey Central Station,1
297535,236 Grouse Mountain,0
297641,311 Scottsdale,1
293197,N20 Victoria NightBus,1
298117,Expo Line To Waterfront,1
293071,741 Haney Place,1
292957,509 Carvolth Exchange,0
292501,182 Moody Centre Station,1
298047,791 Braid Station,1
297900,562 Walnut Grove,1
297901,509 Surrey Central Station,1
297898,509 Surrey Central Station,1
297899,562 Walnut Grove,1
292731,321 King George Blvd/To Scott Rd Station,0
297528,232 Phibbs Exchange,0
293069,741 Port Haney Station,1
297041,10 Granville/To Waterfront Station,0
292231,22 Knight via Terminal,0
297726,Special,0
292271,28 Kootenay Loop,1
297712,335 Newton Exchange,0
297545,240 Downtown,1
292657,254 Vancouver,1
297330,130 Willingdon/To Metrotown Station,1
292312,50 South False Creek via Granville Island,1
292310,50 South False Creek via Granville Island,1
293080,744 Haney Place,0
293051,701 Coquitlam Central Station,1
297167,22 Knight,0
292166,16 29th Ave Station,0
293013,604 English Bluff,1
292651,School Special,0
292048,5 Robson,1
298038,748 Haney Place,1
297295,110 Special,1
292910,412 Bridgeport Station,0
292214,20 Victoria to 41st Ave,0
292678,262 Caulfeild,1
297936,602 Tsawwassen Heights,1
297245,50 South False Creek via Granville Island,1
297083,16 To Kingsway,0
297833,408 Ironwood,0
296975,4 UBC,1
297166,22 Knight via Industrial,0
292252,25 King Edward/To UBC Exchange,1
297875,1844 501 Surrey Central Station via 202A St,0
298199,602 To Steveston Hwy,0
292716,319 Scott Rd Station,0
298075,Millennium Line To Lougheed Town Centre,0
292037,4 UBC,1
296979,5 Downtown,0
297805,405 Cambie via Vulcan,0
293098,748 Haney Place,1
292186,16 Arbutus,1
292408,134 Lake City Station,0
292407,134 Sperling Station,0
293117,Special,1
292528,210 Upper Lynn Valley,0
297782,395 King George Station,1
297595,254 British Properties,0
297599,School Special,0
298128,N15 Cambie NightBus,1
293082,745 Cottonwood,0
292844,395 Langley Centre,0
292843,394 White Rock Centre,1
292873,405 Brighouse Station,1
292778,335 Surrey Central Station,1
292775,335 Surrey Central Station,1
294483,247 Downtown,1
297461,209 Phibbs Exchange,1
298197,250 Special,0
297828,407 Lansdowne Station,1
293155,Expo Line To King George,0
292108,10 Granville/To Waterfront Station,0
297861,418 22nd St Station,0
297637,310 Scottsdale via Delta View,0
297717,337 Fraser Heights,0
292903,410 To Boundary Rd,0
292030,4 Downtown,0
297659,316 116 Street/To Scottsdale,1
294490,26 Joyce Station,0
297292,110 Lougheed Station,0
297798,404 Four Road,0
297796,404 Four Road,0
293096,748 Thornhill,0
292359,110 Sperling Station,1
293166,Expo Line To Waterfront,1
293143,Millennium Line To VCC-Clark,1
297183,25 King Edward/To Brentwood Station,0
292052,6 Davie,1
292742,321 King George Blvd/To White Rock South,1
297574,250 Vancouver,0
292648,253 Vancouver,0
292855,403 Three Road,1
293072,743 Haney Place,0
293032,640 Scott Rd Station,0
293160,Expo Line To Braid,0
292199,19 Kingsway/To Metrotown Station,0
292949,503 Fraser Hwy Exp/Aldergrove,0
297318,128 Braid Station,0
297718,337 Fraser Heights,0
292702,312 112 Street/To Scottsdale,1
292740,321 King George Blvd/To White Rock South,1
297413,172 To Ottawa,0
292595,236 Pemberton Heights,0
297353,Special,1
297043,10 Granville/To Davie,0
297047,10 Granville/To Waterfront Station,0
292838,391 Scott Rd Station,0
292837,388 22nd St Station,1
292216,20 Downtown,0
297838,410 To Boundary Rd,0
297256,99 Commercial-Broadway Station,0
292561,215 Phibbs Exchange,1
292636,250 West Bay,1
292928,418 22nd St Station,0
292875,405 Five Road via Vulcan,1
292422,144 Metrotown Station,1
292272,28 Joyce Station,1
297014,9 To Main,0
297297,110 Sperling Station,1
293201,N24 Lynn Valley NightBus,0
297954,608 Ladner Ring,0
292466,160 Port Coquitlam Station,0
292465,160 Port Coquitlam Station,0
293159,Expo Line To Edmonds,0
297525,231 Harbourside,1
297655,314 Scott & 96 Ave,1
297776,391 Scottsdale,1
292482,174 Rocklin,0
297400,160 Port Coquitlam Station,0
293161,Expo Line To King George,0
292709,314 Scott & 96 Ave,1
297675,321 King George Blvd/To Scott Rd Station,0
297774,Special,1
297346,134 Special,1
292168,16 To Kingsway,0
292258,27 Kootenay Loop,0
297570,250 Park Royal,0
298127,N15 Downtown NightBus,0
292107,9 Alma,1
292119,10 Granville/To Marine Dr Station,1
292117,10 Granville/To Marpole,1
292761,325 140 St to Surrey Central Station,0
297834,408 Brighouse Station,1
292691,310 Scottsdale via Delta View,0
292772,335 Newton Exchange,0
293040,640 Scott Rd Station,0
297644,312 112 Street/To Scottsdale,1
297853,413 Riverport,0
297471,210 Phibbs Exchange,1
297649,314 Surrey Central Station,0
292960,509 Surrey Central Station,1
292222,20 Victoria to 41st Ave,1
292679,280 Snug Cove,0
293057,719 Fraser Way,1
292862,404 Four Road,0
297895,562 Langley Centre,0
297896,509 Carvolth Exchange,0
293176,Expo Line To Waterfront,1
293162,Expo Line To Waterfront,1
297605,School Special,1
292324,99 Commercial-Broadway Station,0
297768,373 Surrey Central Station,1
296982,5 Robson,1
297681,321 King George Blvd/To White Rock Centre,1
293058,722 Meadowtown,0
296973,4 UBC,1
292092,9 To Granville,1
297814,405 Five Road,1
292658,254 Vancouver,1
292656,School Special,1
297972,640 Scott Rd Station,0
292372,123 New West Station,0
292737,321 King George Blvd/To New West Station,0
297340,133 Edmonds Station,0
293066,741 Anderson Creek,0
293174,Expo Line To Waterfront,1
297282,104 Queensborough,1
298088,Expo Line To King George,0
292488,175 Coquitlam Central Station,1
297532,232 Edgemont Village,1
297194,27 Kootenay Loop,0
297087,16 To Kingsway,0
297204,28 Gilmore Station,1
292604,240 Downtown,1
292261,27 Joyce Station,1
293118,Special,1
293084,745 Haney Place,1
297558,246 Marine & Garden,1
297126,17 Oak,1
297778,393 Newton Exchange,1
297380,152 Lougheed Station,1
297409,170 Port Coquitlam South via Reeve,1
298032,746 Haney Place via Port Haney Station,1
296969,4 To Blanca,1
297766,373 To Kindersley Dr,0
297560,247 Grouse Mountain,0
293077,743 South Haney,1
292943,501 Langley Centre via 202A St,1
297992,701 Haney Place,1
297777,393 Surrey Central Station,0
297384,153 Coquitlam Central Station,0
297398,159 Braid Station,1
297515,228 Grand Blvd & 15th St,1
297652,Special,0
297977,640 Scott Rd Station,0
298113,Expo Line To Waterfront,1
292360,110 Metrotown Station,1
297127,17 Oak,1
292091,9 To Main,0
297987,701 Maple Ridge East,0
297582,250 West Bay,1
292955,503 Fraser Hwy Exp/Surrey Central Station,1
297511,228 Grand Blvd To Lynn Valley,0
297034,9 To Granville,1
297485,211 Phibbs Exchange,1
297481,211 Phibbs Exchange,1
297262,99 To Alma  B-Line,1
297576,School Special,1
297803,404 Steveston & 5 Rd,1
292923,416 Brighouse Station,1
292588,232 Phibbs Exchange,0
297164,22 Knight via Terminal,0
292131,14 Hastings,0
292080,8 Fraser/To Waterfront Station,1
297529,232 Phibbs Exchange,0
297775,391 Scott Rd Station,0
297821,407 Lansdowne Station,0
298021,745 Cottonwood,0
292471,170 Port Coquitlam South via Reeve,1
293110,Special,1
292441,152 Coquitlam Central Station,0
292442,152 Coquitlam Central Station via Chilko,0
292447,152 Lougheed Station,1
292380,123 Brentwood Station,1
292632,School Special,1
292095,9 Alma,1
297795,403 Three Road,1
292745,321 King George Blvd/To White Rock Centre,1
297312,123 Brentwood Station,1
292289,44 Dundarave Express,0
292291,44 UBC,1
297686,321 King George Blvd/To White Rock South,1
298060,Special,1
298059,Special,0
298058,Special,1
298056,Special,1
292675,262 Horseshoe Bay,0
297478,Special,0
297480,211 Seymour,0
292697,311 Scottsdale,1
297048,10 Granville/To Waterfront Station,0
298065,Canada Line To Bridgeport,0
293100,748 Haney Place,1
292932,418 To Boundary Rd,1
292929,418 Kingswood,1
294478,170 Port Coquitlam South,1
292317,80 Marine Dr Exp/To River District,0
293205,N24 Lonsdale Quay NightBus,1
293204,N24 Downtown NightBus,1
292060,7 Dunbar,1
293007,603 Bridgeport Station,0
292592,232 Edgemont Village,1
297598,254 British Properties,0
298196,174 Coquitlam Central Station,1
292237,22 Downtown,1
292575,228 Grand Blvd & 15th St,1
292573,228 Grand Blvd & 15th St,1
292872,405 Five Road,1
292885,407 Lansdowne Station,1
297984,701 Maple Ridge E via Samuel Robertson,0
293047,701 Maple Ridge East,0
297373,151 Como Lake Ave to Burquitlam Station,1
297375,151 Burquitlam Station via Coquitlam Recreation Centre,1
292915,413 Riverport,0
292532,210 Phibbs Exchange,1
297575,250 Vancouver,0
297945,603 South Delta Exchange,0
297472,210 Burrard Station,1
298103,Expo Line To Waterfront,1
298116,Expo Line To Waterfront,1
298104,Expo Line To Waterfront,1
292618,247 Downtown,1
296972,4 UBC,1
297571,250 Vancouver,0
292794,345 152 Street/To King George Station,0
293105,749 Haney Place,1
298004,741 Anderson Creek,0
292589,232 Phibbs Exchange,0
297620,262 Horseshoe Bay,0
297010,8 Fraser/To Waterfront Station,1
292065,7 Dunbar,1
298200,602 To Steveston Hwy,0
297512,228 Grand Blvd To Lonsdale Quay,1
297584,School Special,1
297674,321 King George Blvd/To Scott Rd Station,0
292904,410 22nd St Station,0
292836,Special,1
292919,Special,1
292886,407 Lansdowne Station,1
292787,Special,0
292614,246 Marine & Garden,1
292615,246 Marine & Garden,1
292860,404 Four Road,0
297727,Special,1
4484,,0
292266,28 Kootenay Loop,0
292963,509 Surrey Central Station,1
292416,Special,1
292576,228 Grand Blvd To Lonsdale Quay,1
292622,250 Vancouver,0
293073,743 Haney Place,0
298082,Expo Line To King George,0
297053,10 Granville/To Marpole,1
297197,27 Joyce Station,1
292439,151 Como Lake Ave to Burquitlam Station,1
292437,151 Burquitlam Station via Coquitlam Recreation Centre,1
292703,Special,0
292373,123 New West Station,0
292953,503 Fraser Hwy Exp/To Langley Centre,1
292357,110 Lougheed Station,0
292361,110 Special,1
292459,159 Coquitlam Central Station,0
297583,250 Park Royal - Only,1
297562,247 Downtown,1
297561,247 Downtown,1
292587,232 Phibbs Exchange,0
298051,Special,1
298055,Special,1
298048,Special,1
298050,Special,0
292550,212 Phibbs Exchange,1
292554,214 Blueridge,0
298013,743 Haney Place,0
293200,N24 Lynn Valley NightBus,0
293203,N24 Lonsdale Quay NightBus,0
293163,Expo Line To Waterfront,1
293175,Expo Line To Waterfront,1
292064,7 Dunbar,1
292054,7 Nanaimo Station,0
